Form,1993,1994,1995,1996,1997,1998,1999,2000,2001,2002,2003,2004,2005,2006,2007,2008,2009,2010,2011,2012,2013,2014,2015,2016,2017,2018,2019,2020,Total
1,,,,,,,,,,6,1,4,2,3,5,1,4,,2,2,,2,1,1,,2,1,,37
1-A,,,,,,,,,,23,34,21,30,32,28,26,24,25,20,19,28,55,67,145,125,144,204,256,"1,306"
1-A POS,,,,,,,,,,,,,,,,,,,,,,,3,84,148,196,197,292,920
1-A-W,,,,,,,,,,,,,,,1,,,,,,,,10,31,22,31,41,45,181
1-A-W/A,,,,,,,,,,,,,,,,,,,,,,,4,8,1,2,4,4,23
1-A/A,,,,,,,,,,100,54,67,45,57,89,60,60,65,54,82,76,105,137,347,353,384,443,611,"3,189"
1-E,,,,,,,,,,5,11,42,41,11,11,8,1,2,,,3,1,1,,,,,,137
1-E AD,,,,,,,,,,,,,,,,,,,,,,,,2,,,,,2
1-E/A,,,,,,,,,,,3,12,15,12,11,12,2,,1,,,,1,2,1,,,,72
1-K,,,,,,,,,,,,,,,,,,,,,,,,13,59,87,109,155,423
1-K/A,,,,,,,,,,,,,,,,,,,,,,,,1,7,4,9,11,32
1-SA,,,,,,,,,,,,,,,,,,,,,,,,34,76,102,120,185,517
1-SA/A,,,,,,,,,,,,,,,,,,,,,,,,3,6,7,3,9,28
1-U,,,,,,,,,,,,,,,,,,,,,,,3,80,208,356,512,706,"1,865"
1-U/A,,,,,,,,,,,,,,,,,,,,,,,,1,2,5,6,2,16
1-Z,,,,,,,,,,,,,,,,,,,,,,,5,9,24,24,22,25,109
1-Z-W,,,,,,,,,,,,,,,,,,,,,,,,,1,1,,,2
1-Z/A,,,,,,,,,,,,,,,,,,,,,,,,2,1,1,,,4
1/A,,,,,,,,,,1,,,2,1,,,2,,,31,95,142,205,181,182,208,289,338,"1,677"
10-12B,,4,4,37,37,25,29,29,23,19,31,12,15,19,33,39,21,19,27,22,31,38,45,33,10,25,36,16,679
10-12B/A,,1,2,69,50,44,50,69,48,40,30,30,15,44,69,106,38,64,67,66,70,150,138,151,38,53,42,19,"1,563"
10-12G,,2,3,49,76,94,148,84,58,57,38,43,58,75,63,271,159,225,143,118,103,99,92,87,91,89,100,84,"2,509"
10-12G/A,,4,6,91,146,136,234,235,114,107,80,63,104,116,91,337,274,423,414,262,222,201,134,129,136,156,112,125,"4,452"
10-C,,82,396,745,80,,,,,,,,,,,,,,,,,,,,,,,,"1,303"
10-C/A,,2,12,9,2,,,,,,,,,,,,,,,,,,,,,,,,25
10-D,,,,,,,,,,,,,3,"6,950","8,081","2,412",891,934,"1,775","2,983","4,571","6,035","7,097","7,657","7,586","8,011","8,883","9,381","83,250"
10-D/A,,,,,,,,,,,,,,483,720,370,54,23,20,55,124,84,69,96,125,68,155,162,"2,608"
10-K,4,"1,912","2,218","4,315","6,698","6,930","6,761","6,652","6,248","6,759","8,468","8,567","9,017","8,852","8,574","8,746","9,839","9,165","8,840","8,393","8,105","8,084","7,985","7,589","7,248","7,092","6,923","6,769","196,753"
10-K/A,2,616,933,"1,495","2,152","1,943","1,798","1,530","1,578","2,010","2,021","2,096","2,180","1,510","1,470","1,801","2,320","2,213","1,995","1,840","1,765","1,557","1,258","1,175",931,"1,003",991,914,"43,097"
10-K405,,11,"1,018","1,944","3,201","3,357","3,361","3,217","3,000","2,168",,,,,,,,,,,,,,,,,,,"21,277"
10-K405/A,,5,190,317,538,589,610,483,494,123,,,,,,,,,,,,,,,,,,,"3,349"
10-KSB,,,,,,,,,,1,,,,,,,,,,,,,,,,,,,1
10-KSB/A,,,,,,,,,,2,,,,,,,,,,,,,,,,,,,2
10-KT,,1,6,8,18,14,9,12,18,22,25,38,8,19,13,11,11,21,27,23,22,41,22,37,19,28,28,13,514
10-KT/A,,,2,1,5,1,3,1,6,6,6,,3,5,4,3,2,9,9,5,17,8,5,6,3,6,2,7,125
10-Q,7,"6,628","14,120","25,749","28,996","29,239","28,687","28,282","25,997","24,084","21,866","20,872","20,670","20,038","20,047","27,040","27,817","26,550","25,676","24,186","23,250","22,876","22,166","20,609","19,810","19,216","18,485","17,979","610,942"
10-Q/A,,558,"1,692","2,319","2,036","2,135","2,426","1,926","1,722","1,778","1,694","1,704","1,946","1,574","1,065","1,517","2,195","2,060","3,539","3,045","1,829","1,420","1,095",863,733,666,579,499,"44,615"
10-QSB,,,,,,,,,2,2,,,,,,,,,,,,,,,,,,,4
10-QSB/A,,,,,,,,,1,,,,,,,,,,,,,,,,,,,,1
10-QT,,3,9,8,18,12,13,17,12,25,7,5,6,10,7,6,5,4,,5,8,7,7,6,9,6,6,3,224
10-QT/A,,1,2,1,10,3,1,2,,,3,1,,1,,1,,2,1,1,2,,1,1,2,,,,36
10KSB,,1,95,"1,052","2,013","2,001","2,173","2,856","3,199","3,419","3,410","3,557","3,458","3,399","3,513","2,686",80,,,,,,,,,,,,"36,912"
10KSB/A,,,63,494,713,582,518,724,833,858,"1,024",955,"1,380","1,382","1,009","1,284",90,,,,,,,,,,,,"11,909"
10KSB40,,,24,213,540,532,547,661,617,307,,,,,,,,,,,,,,,,,,,"3,441"
10KSB40/A,,,7,42,103,129,110,98,116,20,,,,,,,,,,,,,,,,,,,625
10KT405,,,3,14,8,7,10,12,20,12,,,,,,,,,,,,,,,,,,,86
10KT405/A,,,3,6,3,1,1,2,1,,,,,,,,,,,,,,,,,,,,17
10QSB,,15,"1,297","5,670","7,448","7,455","8,419","11,619","11,581","11,160","10,348","10,671","10,209","10,191","10,703","3,334",,,,,,,,,,,,,"120,120"
10QSB/A,,1,198,884,984,805,883,"1,325","1,428","1,464","1,527","1,355","1,840","2,051","1,585",787,,,,,,,,,,,,,"17,117"
10SB12B,,,,9,12,5,22,12,11,7,3,5,12,13,6,2,,,,,,,,,,,,,119
10SB12B/A,,,,6,8,8,31,31,25,3,3,,1,4,4,,,,,,,,,,,,,,124
10SB12G,,,,71,113,175,"1,048","1,140",348,230,109,138,170,233,274,56,,,,,,,,,,,,,"4,105"
10SB12G/A,,,,79,167,167,"1,037","1,672",694,480,282,184,250,235,253,23,,,,,,,,,,,,,"5,523"
11-K,,811,611,809,949,"1,127","1,264","1,411","1,550","2,412","2,476","2,369","2,251","2,162","2,058","1,913","1,824","1,711","1,626","1,569","1,508","1,436","1,381","1,310","1,225","1,143","1,078","1,046","41,030"
11-K/A,,37,22,21,26,34,38,33,25,47,95,129,45,43,44,42,45,30,30,25,16,13,58,19,14,22,11,17,981
11-KT,1,4,1,6,14,5,5,1,5,5,10,2,3,8,3,5,,2,1,2,2,2,1,1,2,,1,1,93
11-KT/A,,,,,,,,,,,,1,,,,,,,,,,,1,,,,,,2
12G3-2B,,,,,,,,3,9,66,66,86,92,109,100,78,,,,,,,,,,,,,609
12G32BR,,,,,,,,,7,32,45,26,25,24,15,4,,,,,,,,,,,,,178
13F-E,,193,232,222,212,252,77,,,,,,,,,,,,,,,,,,,,,,"1,188"
13F-E/A,,5,28,7,15,25,40,,,,,,,,,,,,,,,,,,,,,,120
13F-HR,4,4,8,5,8,34,"5,079","7,428","8,180","8,212","8,416","8,821","9,550","10,418","11,301","12,299","11,996","11,687","12,630","13,246","13,829","15,239","16,562","17,034","17,625","19,179","20,413","21,798","281,005"
13F-HR/A,,,,3,1,,474,770,979,"1,074","1,055","1,228","1,199","1,353","1,435","1,803","1,109","1,234","1,525","1,264","1,300",949,"1,278","1,022","1,026","1,041","1,102",974,"25,198"
13F-NT,,,,,,,968,"1,657","1,811","1,941","2,194","2,397","2,795","3,215","3,678","4,223","4,371","4,822","5,026","5,098","5,535","5,586","6,049","6,010","6,087","6,253","6,308","6,148","92,172"
13F-NT/A,,,,,,,27,37,44,100,134,182,100,125,112,115,122,57,74,109,84,16,45,41,71,25,122,56,"1,798"
13FCONP,6,5,4,10,13,18,33,92,145,143,133,103,85,41,70,99,72,43,118,20,1,,,1,,1,1,,"1,257"
13FCONP/A,,4,10,12,15,20,15,5,2,,6,1,,,,,,,,,,,,,,,,,90
144,,,,9,32,127,107,128,99,193,775,"1,060",930,"1,082","1,200",687,672,773,790,829,988,856,530,483,550,456,424,378,"14,158"
144/A,,,,,6,50,14,24,11,8,25,37,42,38,49,13,14,34,18,12,19,24,12,7,19,8,31,18,533
15-12B,,8,23,49,122,201,208,207,213,179,188,209,205,262,312,178,209,224,214,207,253,227,290,278,272,273,270,252,"5,533"
15-12B/A,,,,,3,7,4,10,1,3,4,5,3,6,3,6,5,5,2,5,3,4,7,4,10,1,5,2,108
15-12G,,64,158,451,568,707,772,732,730,674,718,731,755,655,683,590,589,425,433,469,382,310,316,290,283,269,217,139,"13,110"
15-12G/A,,1,4,16,14,15,35,24,6,16,17,17,23,23,11,18,25,7,16,19,15,11,5,9,10,24,18,7,406
15-15D,,32,104,144,427,715,739,618,575,891,"1,073","1,106","2,109","2,233","2,025","1,397",499,270,353,963,471,231,640,641,474,427,416,213,"19,786"
15-15D/A,,,1,3,5,9,11,9,,1,48,8,29,13,5,7,9,3,12,5,10,5,109,1,,9,5,17,334
15F-12B,,,,,,,,,,,,,,,63,22,14,11,10,5,4,13,8,12,6,7,9,41,225
15F-12B/A,,,,,,,,,,,,,,,7,1,,,1,,1,1,,,1,,1,,13
15F-12G,,,,,,,,,,,,,,,51,47,28,16,14,15,18,10,7,8,8,2,5,4,233
15F-12G/A,,,,,,,,,,,,,,,1,1,4,1,,2,1,,,1,1,,,,12
15F-15D,,,,,,,,,,,,,,,28,14,9,18,15,15,3,15,13,10,3,2,9,1,155
15F-15D/A,,,,,,,,,,,,,,,,,2,,,,,,,,,,1,,3
18-12B,,,,,,,,,,1,,1,,,1,,,,,,,2,,,,,,,5
18-K,,,,,,,1,,1,41,40,35,37,41,36,40,41,44,40,39,39,35,37,35,40,38,39,41,740
18-K/A,,,,,,,,1,2,92,110,98,101,111,104,98,132,136,133,137,127,122,130,136,135,131,139,182,"2,357"
19B-4,,,,,,,,,,,,,,,2,,,,,,,,,,,,,,2
19B-4E,,,,,,,,,7,23,18,127,109,271,"1,481","1,679","3,127","4,113","2,184","1,553","1,520","1,405","1,833","1,859","2,015","2,162",606,778,"26,870"
2-A,,,,,,,,,,8,8,2,4,3,,1,1,2,1,3,4,10,3,,,,,,50
2-A/A,,,,,,,,,,7,12,9,7,8,3,8,6,7,6,3,1,2,1,,,,,,80
2-AF,,,,,,,,,,4,7,4,3,,7,2,1,2,3,1,2,,,,,,,,36
2-E,,,,,,,,,,2,2,8,36,18,9,5,4,1,,,,,,,1,,,,86
2-E/A,,,,,,,,,,,,,3,4,1,2,1,,,,,,,,,,,,11
20-F,,,,9,39,108,144,195,281,"1,131","1,031","1,004","1,028",980,883,820,768,746,748,723,702,676,691,683,666,684,720,741,"16,201"
20-F/A,,,,7,3,28,21,55,57,148,189,234,331,233,214,193,188,217,226,267,197,90,81,73,88,162,99,104,"3,505"
20FR12B,,,,2,1,15,11,7,3,17,12,9,5,5,4,4,4,3,3,5,4,4,4,3,3,9,7,12,156
20FR12B/A,,,,1,,12,4,7,3,12,4,14,3,,10,1,,3,3,11,12,5,4,11,6,10,13,3,152
20FR12G,,,,4,9,6,24,20,16,41,26,44,35,27,29,13,13,15,6,8,5,11,6,2,1,3,1,6,371
20FR12G/A,,,,1,10,5,20,39,45,69,49,48,55,33,56,20,17,41,14,19,5,18,13,3,2,6,,8,596
24F-1,,,,3,3,,,,,,,,,,,,,,,,,,,,,,,,6
24F-2EL,,,5,4,11,,,,,,,,,,,,,,,,,,,,,,,,20
24F-2EL/A,,,,2,,,,,,,,,,,,,,,,,,,,,,,,,2
24F-2NT,2,"3,874","4,970","6,344","6,488","7,973","8,181","8,244","8,657","7,406","6,661","5,713","5,508","5,517","5,710","5,826","6,347","6,188","6,517","7,126","6,946","7,281","7,131","7,441","6,865","6,748","6,610","6,408","178,682"
24F-2NT/A,,10,80,79,82,"1,215",41,60,106,83,118,53,51,79,104,94,119,32,69,40,134,60,96,211,66,33,13,22,"3,150"
24F-2TM,,52,207,197,147,,,,,,,,,,,,,,,,,,,,,,,,603
25,,,,,,,1,,16,406,468,445,425,335,362,325,205,118,111,108,102,89,76,97,100,105,107,137,"4,138"
25-NSE,,,,,,,,,,,,,,"1,086","1,944","1,494","1,252","1,260","1,110","1,484","1,334","1,226","1,268","1,594","1,504","1,650","1,614","1,790","21,610"
25-NSE/A,,,,,,,,,,,,,,52,46,42,38,22,26,20,54,18,54,20,18,8,44,14,476
25/A,,,,,,,,,,,,,1,10,10,6,3,,1,,,1,1,,2,,4,4,43
253G1,,,,,,,,,,,,,,,,,,,,,,,,1,9,17,13,24,64
253G2,,,,,,,,,,,,,,,,,,,,,,,4,111,247,355,497,659,"1,873"
253G3,,,,,,,,,,,,,,,,,,,,,,,,1,2,1,1,3,8
253G4,,,,,,,,,,,,,,,,,,,,,,,,,1,,,2,3
26,,,,,,,,,,1,,,,,,,,,,,,,,,,,,,1
3,,,,"1,149","2,983","4,317","5,282","6,852","5,327","8,694","27,814","47,801","47,356","46,869","52,898","37,477","31,171","33,279","32,264","30,265","31,834","36,150","32,839","29,600","30,527","30,855","30,203","35,039","678,845"
3/A,,,,28,162,197,167,317,254,362,"1,990","3,539","3,524","3,084","3,026","2,697","2,791","2,002","1,677","1,689","1,617","1,788","1,796","1,576","1,518","1,405","1,096","1,391","39,693"
305B2,,,6,16,43,73,59,50,88,90,77,90,104,101,142,77,452,183,136,213,228,249,164,104,228,118,133,119,"3,343"
305B2/A,,,,3,1,,,3,,1,,13,,,,,40,,2,,,,,,3,,,,66
34-12H,,,,,,,,,,,,,1,1,1,,,,,,1,1,1,,1,,,,7
35-APP,,,1,1,,,,2,2,,,,,,,,,,,,,,,,,,,,6
35-APP/A,,,,,,,,2,,,,,,,,,,,,,,,,,,,,,2
35-CERT,,422,494,489,480,431,448,425,436,436,402,375,356,18,,,,,,,,,,,,,,,"5,212"
35-CERT/A,,5,10,8,7,8,11,9,15,9,6,,6,4,,,,,,,,,,,,,,,98
39-304D,,,,,,,,,,1,1,4,1,1,1,,,,,,,,,,,,,,9
39-304D/A,,,,,,,,,,,,1,,,,,,,,,,,,,,,,,1
39-310B,,,,,,,,,1,1,,,,,,,,,,,,,,,,,,,2
4,,,,"4,312","12,758","18,432","19,899","22,606","21,689","56,942","324,449","476,172","474,215","468,480","486,241","456,300","387,113","404,831","393,744","398,395","400,134","400,454","397,906","380,115","376,572","375,242","364,713","376,274","7,497,988"
4/A,,,,123,236,540,478,705,954,"2,617","14,998","21,649","18,724","19,403","18,274","16,162","12,582","11,910","11,087","10,615","10,055","10,014","10,718","9,289","8,143","7,807","7,873","7,827","232,783"
40-17F1,,,,,,10,8,12,7,10,9,9,11,12,2,7,5,7,5,44,24,25,54,42,38,49,90,53,533
40-17F1/A,,,,,,,1,,,,,,,,,,,,,,,,,15,,1,,,17
40-17F2,,,,,75,415,686,806,809,731,"1,361","1,302","1,135","1,801","1,330","1,256",737,860,909,800,832,593,597,751,748,681,621,608,"20,444"
40-17F2/A,,,,,1,5,6,28,3,9,14,9,3,,20,1,6,1,2,2,1,14,5,,,4,1,,135
40-17G,,,,,,1,2,1,,"1,699","2,245","2,337","2,951","3,007","4,796","3,448","3,300","2,920","3,099","2,893","3,115","2,684","2,567","2,554","2,651","2,772","2,459","2,559","54,060"
40-17G/A,,,,,,,,,,4,,11,50,584,"1,298",520,"1,012","1,723",934,647,652,618,522,445,480,335,152,344,"10,331"
40-17GCS,,,,,,,,,,,,,,,,,,,,,,,,2,13,,3,1,19
40-202A,,,,,,,,,,,2,,8,7,,1,2,,,3,,1,,2,1,2,3,,32
40-202A/A,,,,,,,,,,,,2,2,2,1,7,,2,,,,8,2,2,2,,4,2,36
40-203A,,,,,,,,,,,1,,,,,,1,,,,,,,,,,,,2
40-203A/A,,,,,,,,,,,2,,,,,,,,,,,,,,,,,,2
40-205E,,,,,,,,,,,2,,1,,,,,,,,,,,,,,,,3
40-205E/A,,,,,,,,,,,,1,1,,,,,,,,,,,,,,,,2
40-206A,,,,,,,,,,6,,,2,,,,1,8,,3,4,6,,8,4,2,2,1,47
40-206A/A,,,,,,,,,,1,2,,,2,2,,1,1,,,1,11,9,2,1,1,2,3,39
40-24B2,,,,,,,,,,,,,16,32,"1,272",803,640,548,316,309,307,240,210,232,215,324,351,354,"6,169"
40-24B2/A,,,,,,,,,,,,,,,80,2,7,,2,1,,,,1,1,1,3,,98
40-33,,,,,,,,,,,127,279,188,54,57,40,41,53,39,12,14,34,18,57,24,16,9,3,"1,065"
40-33/A,,,,,,,,,,,,,,1,,,,1,,,,3,5,3,1,,,,14
40-6B,,,,,,,,,,4,3,5,7,5,12,13,3,4,2,3,1,,2,11,7,2,10,,94
40-6B/A,,,,,,,,,,7,17,57,9,6,66,84,33,41,57,76,103,26,1,2,19,6,16,14,640
40-6C,,,,1,,,,,,522,431,178,447,293,244,,,,,,,,,,,,,,"2,116"
40-6C/A,,,,,,1,,,,877,416,355,279,427,411,,,,,,,,,,,,,,"2,766"
40-8B25,,,,,,,,,,,,1,1,8,6,1,4,8,8,7,9,7,6,8,7,16,6,8,111
40-8F-2,,,,,,,1,,2,3,2,5,1,,,1,,,,,,1,,,,1,1,2,20
40-8F-2/A,,,,,,,,1,6,4,1,,1,1,,,2,3,,,,1,1,,,3,3,5,32
40-8F-A,,,,,,,17,22,27,20,15,22,,,,,,,,,,,,,,,,,123
40-8F-A/A,,,,,,,2,17,20,7,10,9,,,,,,,,,,,,,,,,,65
40-8F-B,,,,,,,,1,2,1,,,,,,,,,,,,,,,,,,,4
40-8F-B/A,,,,,,,,,1,,,,,,,,,,,,,,,,,,,,1
40-8F-L,,,,,,,60,71,106,83,83,52,,,,,,,,,,,,,,,,,455
40-8F-L/A,,,,,,,18,27,42,38,31,24,,,,,,,,,,,,,,,,,180
40-8F-M,,,,,,,30,126,127,103,78,72,,,,,,,,,,,,,,,,,536
40-8F-M/A,,,,,,,7,37,45,32,25,26,,,,,,,,,,,,,,,,,172
40-8FC,,,,,,,,,,,,3,,,,,,,,,,,,,,,,,3
40-8FC/A,,,,,,,,,,1,,,,,,,,,,,,,,,,,,,1
40-APP,,,,,,,,2,1,276,304,194,248,215,252,885,637,485,562,440,664,541,826,616,949,"1,098",612,900,"10,707"
40-APP/A,,,,,,,,,,295,277,266,342,295,278,950,"1,585","1,126","1,344","2,096","1,469","1,785","1,740","2,525","1,640","1,215","1,791","2,629","23,648"
40-F,,,,,,,,,1,124,135,162,172,171,165,140,123,127,143,153,145,143,132,126,129,127,135,124,"2,677"
40-F/A,,,,,,,,,,21,18,25,51,46,54,28,42,15,24,36,23,23,14,11,12,21,23,17,504
40-OIP,,,,,,,,,,,,,,,,61,72,73,41,26,60,16,41,12,8,5,8,16,439
40-OIP/A,,,,,,,,,,,,,,,,9,143,240,58,65,80,58,37,78,16,19,39,43,885
40-RPT,,,,,,,,,,,,1,1,,,,,,,,,,,,,,,,2
40FR12B,,,,,,,,,,7,6,4,7,8,6,5,3,4,15,15,3,3,7,2,4,10,10,10,129
40FR12B/A,,,,,,,,,,3,1,4,8,2,4,1,,3,5,6,4,1,3,,4,6,5,6,66
40FR12G,,,,,,,,,,1,4,5,2,3,1,,,,3,2,,1,,1,,1,3,2,29
40FR12G/A,,,,,,,,,,,1,1,1,,1,,,,2,2,,,,,,,,1,9
424A,,21,46,167,161,100,98,729,44,21,33,46,21,26,30,17,13,12,11,7,4,2,3,8,,2,1,8,"1,631"
424B1,,121,216,904,974,898,775,479,394,687,319,551,239,220,194,99,79,170,183,87,174,91,117,61,81,76,64,65,"8,318"
424B2,,"1,204","1,562","1,704","2,026","1,864","1,209","1,257","1,743","1,815","2,129","1,552","1,860","5,093","7,709","7,621","5,961","8,869","12,391","13,762","13,937","15,513","16,771","24,654","37,462","46,817","51,858","67,616","355,959"
424B3,,"3,373","4,410","4,701","6,803","7,684","7,038","6,977","8,139","7,989","10,457","14,349","14,150","16,180","15,337","11,617","12,752","17,062","19,862","17,644","14,616","15,000","12,377","9,975","9,792","8,401","7,641","8,659","292,985"
424B4,,180,150,662,757,680,975,658,419,435,349,584,497,444,433,157,146,278,278,292,662,492,386,351,383,429,412,752,"12,241"
424B5,,568,869,"1,452","1,983","2,649","2,185","2,126","3,144","3,521","4,846","6,197","6,922","5,690","5,453","3,145","3,845","5,263","4,079","7,748","6,349","8,383","8,204","6,248","8,749","3,232","4,702","7,218","124,770"
424B7,,,,10,14,3,,,,,,,23,583,"2,203","1,550",155,192,172,206,267,228,274,199,213,198,127,154,"6,771"
424B8,,,,,,,,,,,,,,45,56,39,10,30,61,70,74,42,54,162,117,232,251,404,"1,647"
424H,,,,,,,,,,,,,,,,,,,,,,,10,371,385,337,310,197,"1,610"
424H/A,,,,,,,,,,,,,,,,,,,,,,,,15,42,30,24,8,119
425,,,,,,,,"4,303","4,849","4,271","4,176","4,878","6,601","4,971","5,834","3,736","4,525","4,339","4,932","3,020","4,295","6,732","7,304","5,650","4,574","5,678","4,700","4,704","104,072"
485A24E,,6,41,23,14,,,,,,,,,,,,,,,,,,,,,,,,84
485A24F,,,4,6,10,,,,,,,,,,,,,,,,,,,,,,,,20
485APOS,,393,834,"1,352","1,524","2,147","3,126","1,715","1,385","1,276","1,685","1,684","2,348","1,467","1,502","1,440","1,807","1,991","1,442","1,304","1,481","1,319","1,407","1,315","1,320","1,007",955,"1,015","40,241"
485B24E,,311,539,584,292,,,,,,,,,,,,,,,,,,,,,,,,"1,726"
485B24F,,2,5,15,38,,,,,,,,,,,,,,,,,,,,,,,,60
485BPOS,,"4,596","5,663","7,024","6,946","6,340","6,080","7,357","6,952","6,888","6,722","5,585","5,859","5,684","5,654","5,805","5,539","5,503","8,072","8,626","8,572","8,612","8,586","8,502","8,623","8,193","7,726","6,750","186,459"
485BXT,,,,4,36,51,141,128,150,151,233,216,440,363,451,678,776,809,"1,156","1,393","1,726","2,038","2,129","2,279","2,316","1,766","1,312","1,420","22,162"
485BXTF,,,,,1,,,,,,,,,,,,,,,,,,,,,,,,1
486A24E,,1,,,,,,,,,,,,,,,,,,,,,,,,,,,1
486APOS,,21,,,,1,8,10,5,7,5,6,10,5,4,5,1,4,3,7,1,12,6,4,24,19,27,19,214
486B24E,,,,2,,,,,,,,,,,,,,,,,,,,,,,,,2
486BPOS,,28,12,6,9,13,13,19,19,30,33,21,12,15,14,17,13,16,24,29,25,34,45,46,72,63,86,105,819
486BXT,,,,,,,,,,,,,,,,,,,,,,,,,,21,13,20,54
487,,346,352,393,394,461,537,552,512,460,473,441,498,564,679,723,874,"1,042","1,074","1,101","1,063","1,130","1,187","1,174","1,055",973,909,837,"19,804"
497,,"6,285","10,675","13,227","13,738","14,624","13,905","14,883","19,491","15,718","16,738","20,578","18,592","19,068","17,563","19,155","18,238","18,325","15,496","16,586","19,076","16,923","17,153","19,270","22,127","19,698","18,764","21,752","457,648"
497AD,,,,,,,,84,1,9,94,128,250,162,237,290,275,289,210,269,299,295,183,161,224,229,262,280,"4,231"
497H2,,,1,1,2,7,5,1,8,6,10,2,,2,4,,1,,10,6,16,,,,1,,,,83
497J,,"1,502","2,056","2,877","3,282","3,844","3,776","4,488","4,606","4,653","4,893","4,378","4,566","4,613","4,782","5,264","4,991","4,978","5,262","5,828","5,821","6,262","6,166","5,561","5,691","5,516","5,132","4,691","125,479"
497K,,,,,,,,,,,,,,,,,"1,110","12,051","15,508","15,656","18,426","18,646","20,106","21,689","24,280","22,047","21,837","23,717","215,073"
497K1,,,,,,112,244,22,16,12,13,,5,9,14,7,,,,,,,,,,,,,454
497K2,,,,,,54,92,16,7,5,6,1,1,,2,2,,,,,,,,,,,,,186
497K3A,,,,,,1,21,4,,,4,5,4,5,5,13,1,,,,,,,,,,,,63
497K3B,,,,,,27,120,314,316,242,240,247,287,295,269,249,60,,,,,,,,,,,,"2,666"
5,,,,301,"2,189","3,446","4,741","5,346","5,632","6,560","16,067","19,881","16,593","15,040","13,070","11,495","10,620","9,374","9,003","8,427","8,084","8,097","6,991","6,556","6,217","6,157","5,274","5,214","210,375"
5/A,,,,10,32,135,143,141,174,225,660,"1,308",797,702,586,450,430,314,242,330,274,248,211,154,138,166,90,112,"8,072"
6-K,,,3,43,183,442,861,"1,864","2,822","15,717","20,148","23,440","25,453","26,806","26,877","23,408","20,656","20,103","21,226","21,347","21,329","21,472","21,383","21,091","21,234","21,936","22,264","23,116","425,224"
6-K/A,,,1,2,3,6,11,28,52,122,212,258,316,368,303,320,322,310,333,344,276,266,267,266,233,275,292,257,"5,443"
6B NTC,,,,,,,,,,,,,,,,,1,12,6,5,5,3,,2,2,,1,1,38
6B ORDR,,,,,,,,,,,,,,,,,2,11,2,5,5,3,,1,2,,1,1,33
8-A12B,,223,299,758,882,"1,087",806,596,790,985,710,778,641,883,"1,179","1,015",861,773,734,762,"1,009",913,"1,221",786,842,885,886,"1,253","22,557"
8-A12B/A,,110,127,261,280,291,310,201,196,384,197,165,151,174,207,176,242,147,114,134,150,113,111,107,77,118,77,93,"4,713"
8-A12G,,29,97,851,"1,204",999,"1,038",862,531,483,404,478,471,452,311,271,200,182,251,204,155,158,152,110,78,81,56,57,"10,165"
8-A12G/A,,28,57,184,214,168,250,181,152,155,141,130,123,95,73,79,64,58,38,38,23,28,24,12,17,11,8,10,"2,361"
8-B12B,,11,22,29,27,,,,,,,,,,,,,,,,,,,,,,,,89
8-B12B/A,,2,15,11,2,,,,,,,,,,,,,,,,,,,,,,,,30
8-B12G,,2,4,15,37,,,,,,,,,,,,,,,,,,,,,,,,58
8-B12G/A,,,7,3,3,,,,,,,,,,,,,,,,,,,,,,,,13
8-K,1,"3,623","6,336","15,716","24,098","27,956","27,901","29,649","35,240","45,016","67,656","91,362","116,283","106,308","101,305","90,923","81,964","80,442","78,824","77,353","76,369","76,930","76,407","72,621","70,785","68,181","66,427","72,329","1,688,005"
8-K/A,,375,798,"2,155","2,858","3,285","2,941","2,945","2,803","3,073","3,632","4,093","5,396","4,898","4,375","3,407","2,987","2,787","3,865","2,771","2,804","2,613","2,280","1,890","2,426","1,817","1,734","1,769","76,777"
8-K12B,,,,,,,,,,1,,1,,7,10,3,11,14,15,10,14,18,20,23,20,30,27,31,255
8-K12B/A,,,,,,,,,,,,,,,2,2,1,1,,1,2,,1,2,2,3,5,5,27
8-K12G3,,,,8,20,44,40,80,49,47,41,40,26,27,27,23,25,17,16,11,16,9,13,11,6,11,4,5,616
8-K12G3/A,,,,,1,,3,16,38,18,7,4,4,3,4,,1,1,3,2,,4,4,1,,,1,,115
8-K15D5,,,1,5,17,2,1,2,4,13,2,3,3,4,5,2,,,6,1,,,,,4,1,,,76
8-K15D5/A,,,,1,,,,,1,,,,,,,,,,,,,,,,,,,,2
8-M,,,,,,,,,,3,8,5,4,4,3,2,1,5,4,,5,,2,2,2,11,5,,66
8A12BEF,,,40,26,31,,,,,,,,,,,,,,,,,,,,,,,,97
8A12BT,,,105,25,6,,,,,,,,,,,,,,,,,,,,,,,,136
8A12BT/A,,,1,5,2,,,,,,,,,,,,,,,,,,,,,,,,8
8F-2 NTC,,,,,,,,,,,,,,,,,,2,,,,,,1,,,,,3
8F-2 ORDR,,,,,,,,,,,,,,,,,,1,,,,,,1,,,,,2
9-M,,,,,,,,,,,1,2,2,,2,1,,1,2,,,,,1,,1,,,13
ABS-15G,,,,,,,,,,,,,,,,,,,,650,697,779,"1,128","1,410","1,777","2,014","2,021","1,909","12,385"
ABS-15G/A,,,,,,,,,,,,,,,,,,,,295,248,292,339,385,430,458,513,558,"3,518"
ABS-EE,,,,,,,,,,,,,,,,,,,,,,,,12,982,"2,592","4,395","5,810","13,791"
ABS-EE/A,,,,,,,,,,,,,,,,,,,,,,,,6,42,39,85,66,238
ADB,,,,,,,,,,11,7,,,,,,,,,,,,,,,,,,18
ADN-MTL,,,,,,,,,1,13,12,,1,2,,3,,4,,1,1,,,,,,,,38
ADV-E,,,,,,,,,3,433,443,287,237,212,190,190,218,196,4,4,,,,,,,,,"2,417"
ADV-H-C,,,,,,,,,,1,,,,,1,3,,,,,,,,,2,,1,,8
ADV-H-T,,,,,,,,,,5,5,4,9,2,2,,,3,7,7,2,,,6,,4,15,1,72
ADV-NR,,,,,,,,,8,6,7,15,58,73,11,4,14,14,19,115,36,27,22,43,57,89,53,3,674
ADV/A,,,,,,,,,,1,,,,,,,,,,,,,,,,,,,1
ADVCO,,,,,,,,,,49,1,,,,,,,,,,,,,,,,,,50
ADVW,,,,,,,,,,8,,,,,,,,,,,,,,,,,,,8
AFDB,,,,,,,,,,5,4,,,,,,,,,,,,,,,,,,9
AFDB/A,,,,,,,,,,,1,,,,,,,,,,,,,,,,,,1
ANNLRPT,,,,,,,,,,2,9,3,6,8,3,7,4,6,7,5,5,4,7,4,7,8,6,6,107
ANNLRPT/A,,,,,,,,,,,,,,1,,,,,,,,,,,,,,,1
APP NTC,,,,,,,,,,,,,,,,,105,122,104,201,105,115,97,110,74,66,59,19,"1,177"
APP ORDR,,,,,,,,,,,,,,,,,79,117,93,199,115,101,106,100,70,54,57,19,"1,110"
APP WD,,,,,,,,,,35,46,26,23,31,24,97,25,217,52,96,83,29,67,55,121,190,91,51,"1,359"
APP WD/A,,,,,,,,,,,,,,,,,,5,6,2,1,,9,,3,,,,26
APP WDG,,,,,,,,,,,,,,,,,,,,13,19,3,11,5,3,,14,12,80
ARS,,40,68,125,147,108,112,81,93,"3,355","3,163","2,831","2,950","2,879","2,657","2,899","2,389","2,295","2,074","2,015","1,986","2,071","2,095",44,31,28,26,22,"36,584"
ARS/A,,,,,,,,,,3,2,,,,5,8,3,2,5,,2,2,1,2,1,,,1,37
ATS-N,,,,,,,,,,,,,,,,,,,,,,,,,,,2,2,4
ATS-N-C,,,,,,,,,,,,,,,,,,,,,,,,,,,5,1,6
ATS-N/CA,,,,,,,,,,,,,,,,,,,,,,,,,,,8,14,22
ATS-N/MA,,,,,,,,,,,,,,,,,,,,,,,,,,,25,44,69
ATS-N/UA,,,,,,,,,,,,,,,,,,,,,,,,,,,61,103,164
AW,,40,48,58,54,81,64,95,121,100,104,141,213,229,189,224,247,271,345,174,157,132,170,189,196,173,168,126,"4,109"
AW WD,,,,,,,,,,3,8,14,5,6,20,3,4,7,9,1,2,1,1,9,3,3,2,2,103
BDCO,,,,,,,,,,91,332,,,,,,,,,,,,,,,,,,423
BW-2,,,,2,3,4,4,4,4,4,2,,,,,,,,,,,,,,,,,,27
BW-3,,,,4,4,5,14,16,18,32,,,,,,,,,,,,,,,,,,,93
C,,,,,,,,,,,,,,,,,,,,,,,,192,524,763,715,"1,165","3,359"
C-AR,,,,,,,,,,,,,,,,,,,,,,,,,59,218,324,436,"1,037"
C-AR-W,,,,,,,,,,,,,,,,,,,,,,,,,,3,1,1,5
C-AR/A,,,,,,,,,,,,,,,,,,,,,,,,,9,16,11,14,50
C-TR,,,,,,,,,,,,,,,,,,,,,,,,,1,16,47,102,166
C-TR-W,,,,,,,,,,,,,,,,,,,,,,,,,,1,,1,2
C-U,,,,,,,,,,,,,,,,,,,,,,,,35,198,366,345,402,"1,346"
C-U-W,,,,,,,,,,,,,,,,,,,,,,,,,1,2,1,2,6
C-W,,,,,,,,,,,,,,,,,,,,,,,,15,45,54,67,135,316
C/A,,,,,,,,,,,,,,,,,,,,,,,,171,496,718,785,"1,503","3,673"
C/A-W,,,,,,,,,,,,,,,,,,,,,,,,4,3,1,,2,10
CB,,,,,,,,,,105,125,120,416,143,108,72,126,163,130,100,139,91,80,102,95,68,60,50,"2,293"
CB/A,,,,,,,,,,137,115,95,55,104,167,84,137,140,153,129,85,67,122,107,162,72,165,107,"2,203"
CERT,,,,,,,,,,,,,,,,,,,,,1,,,1,64,792,849,"1,183","2,890"
CERTAMX,,,,,,,,,3,213,148,222,267,231,304,157,,,,,,,,,,,,,"1,545"
CERTARCA,,,,,,,,,,,,,,,,,,72,113,31,56,31,31,22,6,,,,362
CERTBATS,,,,,,,,,,,,,,,,,,,,2,5,,14,13,35,,6,,75
CERTBSE,,,,,,,,,,4,4,,,4,1,,,,,,,,,,,,,,13
CERTCBO,,,,,,,,,,,,,,,,,,,,,,,,,,39,34,1,74
CERTCSE,,,,,,,,,,,,,1,1,,,,,,,,,,,,,,,2
CERTNAS,,,,,,,,,,,,,,129,310,181,131,213,167,198,259,352,280,259,254,12,,,"2,745"
CERTNYS,1,,,,,,,,7,438,368,363,298,315,319,192,225,362,354,448,490,376,296,357,380,,,,"5,589"
CERTPAC,,,,,,,,,,9,,3,17,12,60,226,148,52,,10,2,,,,,,,,539
CERTPBS,,,,,,,,,,3,,,,,,,,,,,,,,,,,,,3
CFPORTAL,,,,,,,,,,,,,,,,,,,,,,,,35,14,10,10,12,81
CFPORTAL-W,,,,,,,,,,,,,,,,,,,,,,,,1,,3,4,2,10
CFPORTAL/A,,,,,,,,,,,,,,,,,,,,,,,,53,49,48,74,59,283
CORRESP,,,,,,,,,,,1,917,"8,923","11,777","11,582","10,573","15,090","17,965","17,251","15,934","16,135","12,931","12,134","12,874","13,145","10,591","8,775","8,799","205,397"
CT ORDER,,,,,,,,,,,,,,,,"1,095","1,494","1,592","1,429","1,488","1,329","1,343","1,287","1,341","1,282","1,277",744,272,"15,973"
D,,,,,,,,,,,,,,1,1,389,"14,260","17,861","18,348","18,419","20,157","22,453","23,462","23,365","24,874","27,685","27,746","28,415","267,436"
D/A,,,,,,,,,,,,,,,2,61,"7,141","11,940","12,672","13,410","14,680","15,972","16,118","16,836","17,594","17,633","18,553","18,321","180,933"
DEF 14A,,"1,925","3,823","6,104","8,639","8,566","8,517","8,511","8,041","8,052","7,632","7,401","7,644","7,542","7,156","6,917","7,222","6,143","5,796","5,554","5,614","5,526","5,635","5,351","5,443","5,883","5,152","5,278","175,067"
DEF 14C,,21,49,125,161,205,220,336,421,500,529,694,650,657,658,622,585,647,528,482,559,588,569,517,513,466,506,441,"12,249"
DEF-OC,,,,,,,,,,,,1,,,1,,,,,,,,,,,,,,2
DEF13E3,,1,11,19,27,13,25,3,,,,,,,,,,,,,,,,,,,,,99
DEF13E3/A,,6,11,51,15,24,4,4,,,,,,,,,,,,,,,,,,,,,115
DEFA14A,,624,589,"1,137","1,258","1,203","1,284","1,709","1,914","1,803","2,006","2,797","2,958","5,071","5,750","4,458","5,098","4,941","4,449","4,160","5,262","5,463","5,063","5,212","6,315","5,225","5,372","8,647","99,768"
DEFA14C,,2,5,6,15,6,8,12,14,12,7,11,6,21,44,55,20,17,22,14,16,19,23,9,12,15,12,15,418
DEFC14A,,159,47,71,119,95,151,161,119,113,104,78,81,95,117,162,162,109,83,91,125,115,141,143,109,113,144,94,"3,101"
DEFC14C,,6,,,,3,3,3,4,2,4,,,,6,1,,2,2,,,,2,,,,,,38
DEFM14A,,29,61,155,175,228,256,301,238,174,184,207,253,285,345,207,137,202,202,149,191,185,219,230,224,246,221,179,"5,483"
DEFM14C,,1,7,12,12,15,38,24,28,26,21,16,12,23,20,16,17,13,19,17,6,13,12,14,12,12,12,8,426
DEFN14A,,,5,58,24,22,35,31,16,15,16,15,29,49,53,28,44,23,16,12,12,16,6,14,10,2,12,4,567
DEFR14A,,10,124,214,281,381,333,348,321,371,240,258,279,304,229,249,289,141,187,221,163,146,167,180,178,118,159,149,"6,040"
DEFR14C,,,,7,14,9,11,11,13,19,30,32,30,27,30,28,15,14,13,9,23,13,9,14,12,9,13,10,415
DEFS14A,,79,196,523,812,746,690,815,712,203,,,,,,,,,,,,,,,,,,,"4,776"
DEFS14C,,,2,13,23,8,9,13,13,5,,,,,,,,,,,,,,,,,,,86
DEL AM,,2,6,12,45,35,32,39,54,42,32,53,50,17,107,55,67,53,39,22,47,112,51,50,54,48,61,104,"1,289"
DFAN14A,,20,128,600,836,678,480,688,"1,187",970,835,542,650,"1,302","1,069","1,181","1,234","1,115",657,965,"1,217","1,139","1,105","1,236","1,208","1,085","1,034",826,"23,987"
DFRN14A,,,4,26,21,68,56,26,68,32,29,9,22,22,24,20,20,18,6,8,18,22,6,18,14,16,38,34,645
DOS,,,,,,,,,,,,,,,,,,,,,,,17,34,35,36,18,24,164
DOS/A,,,,,,,,,,,,,,,,,,,,,,,16,29,46,34,31,29,185
DOSLTR,,,,,,,,,,,,,,,,,,,,,,,15,29,37,27,35,8,151
DRS,,,,,,,,,,,,,,,,,,,,61,282,360,239,140,298,423,380,646,"2,829"
DRS/A,,,,,,,,,,,,,,,,,,,,24,331,461,346,269,398,537,461,477,"3,304"
DRSLTR,,,,,,,,,,,,,,,,,,,,18,226,335,254,235,410,500,436,358,"2,772"
DSTRBRPT,,,,,,,,,,,12,9,5,6,4,7,4,20,15,8,3,14,15,23,98,96,83,109,531
DSTRBRPT/A,,,,,,,,,,,8,5,2,,,,,,,,,,,,2,2,,,19
EBRD,,,,,,,,,,6,10,,,,,,,,,,,,,,,,,,16
EBRD/A,,,,,,,,,,,1,,,,,,,,,,,,,,,,,,1
EFFECT,,,,,,,,,,,,,,"5,213","10,188","6,649","7,620","10,199","11,531","10,239","11,023","9,489","9,616","6,106","6,911","4,563","4,227","5,433","119,007"
F-1,,,,6,7,12,25,44,11,39,31,77,66,58,83,38,35,95,65,58,65,113,79,45,80,113,137,166,"1,548"
F-1/A,,,,10,30,26,88,110,28,93,70,149,197,153,251,88,81,360,217,176,202,303,233,160,226,302,287,388,"4,228"
F-10,,,,,,,,,,31,29,112,37,78,76,28,48,34,38,49,41,78,64,52,57,63,63,84,"1,062"
F-10/A,,,,,,,,,,30,28,142,93,83,83,29,65,27,29,44,52,86,108,55,42,54,62,69,"1,181"
F-10EF,,,,,,,,,,1,,,,,3,,,1,,,,,,,1,1,,,7
F-10POS,,,,,,,,,,1,4,1,4,8,5,4,2,8,3,1,3,,1,3,3,,6,1,58
F-1MEF,,,,,2,,1,1,,4,4,1,7,8,10,,4,7,8,2,14,14,15,7,13,12,19,38,191
F-2,,,,,,1,,2,,3,1,7,2,,,,,,,,,,,,,,,,16
F-2/A,,,,2,,,1,7,,8,9,6,4,,,,,,,,,,,,,,,,37
F-3,,,2,3,21,12,14,39,33,105,203,97,79,142,256,81,221,134,87,156,100,214,536,62,225,252,273,160,"3,507"
F-3/A,,,2,1,18,15,14,27,17,133,209,181,165,161,261,73,336,136,57,150,81,272,"1,460",120,45,40,30,78,"4,082"
F-3ASR,,,,,,,,,,,,,5,67,46,149,136,255,59,128,425,52,97,38,54,76,61,65,"1,713"
F-3D,,,,,,,,,,3,,,,,5,4,1,5,3,3,6,1,7,7,6,3,1,3,58
F-3DPOS,,,,,,2,1,,,1,1,,4,,,1,1,,2,1,3,,2,2,,,4,11,36
F-3MEF,,,,,,,1,1,7,1,4,1,4,,,,,4,1,1,3,1,1,2,1,1,1,5,40
F-4,,1,,6,68,40,30,33,66,180,435,240,479,99,178,32,106,177,465,414,75,36,44,40,33,51,44,31,"3,403"
F-4 POS,,,,,,,,,,4,7,1,,4,,1,2,2,5,2,2,,,1,,,,2,33
F-4/A,,,,7,86,135,33,58,108,320,560,"1,179",541,101,188,47,118,159,919,"1,443",134,67,65,96,77,68,30,54,"6,593"
F-4EF,,,,,,,,,,,,,,,,,,,,,,,,,,,,2,2
F-4MEF,,,,,,,,,3,,,1,1,,,,,1,,,,,1,1,,,,,8
F-6,,,,,,,2,2,,99,67,96,89,77,88,86,141,273,237,162,186,348,164,114,146,174,156,139,"2,846"
F-6 POS,,,,,,,,,,14,37,39,34,47,89,125,125,118,76,152,178,176,222,296,"1,772",288,198,324,"4,310"
F-6/A,,,,,,,2,,,7,6,11,9,3,12,6,10,24,10,10,10,6,8,12,20,42,33,28,269
F-6EF,,,,,,,,,,77,46,47,53,96,130,"1,282",635,580,798,804,982,"1,359",844,880,712,336,"1,111",334,"11,106"
F-7,,,,,,,,,,2,2,,1,1,2,3,4,1,,1,2,5,7,1,4,3,3,2,44
F-7 POS,,,,,,,,,,,,,,,,1,,,,,1,1,2,,,,,,5
F-7/A,,,,,,,,,,,,,,1,1,1,1,,,,,2,1,1,,2,,,10
F-8,,,,,,,,,,4,3,2,4,4,2,3,3,3,1,,1,1,,,1,,,,32
F-8 POS,,,,,,,,,,2,1,,,3,,,,,,,,2,,,3,2,,,13
F-8/A,,,,,,,,,,4,3,2,4,10,3,7,1,9,1,1,4,,,,,1,,,50
F-80,,,,,,,,,,4,,,3,4,1,,1,,3,1,3,1,1,2,2,2,,,28
F-80/A,,,,,,,,,,3,,,1,4,,,2,,3,1,7,,,,,1,,,22
F-80POS,,,,,,,,,,,2,,,,,,,,3,,,1,2,2,6,4,,,20
F-9,,,,,,,,,,10,15,15,6,8,10,14,8,9,14,16,,,,,,,,,125
F-9 POS,,,,,,,,,,,1,,1,,,,1,,1,1,,,,,,,,,5
F-9/A,,,,,,,,,,10,11,11,5,9,8,11,12,5,13,15,,,,,,,,,110
F-9EF,,,,,,,,,,,4,,,,,,,,,,,,,,,,,,4
F-N,,,,,,,,,,5,8,10,11,20,15,25,30,15,21,25,16,23,37,31,36,28,17,20,393
F-N/A,,,,,,,,,,2,1,,,1,,,,3,1,1,,5,1,4,5,,,1,25
F-X,,,,,,,,,1,142,159,172,183,220,230,124,177,194,211,150,147,190,142,163,125,150,160,203,"3,243"
F-X/A,,,,,,,,,,13,4,18,17,6,15,16,19,14,10,21,4,3,2,8,12,11,97,5,295
FOCUSN,,,,,,,,,,268,"1,743","1,633","1,706","1,706","1,760","1,636","1,530","1,691","1,748","1,877","1,906","1,946","1,982","1,675","1,506","1,324","1,201",936,"29,774"
FOCUSN/A,,,,,,,,,,27,37,50,36,32,55,47,44,73,82,60,66,31,127,108,52,30,21,2,980
FWP,,,,,,,,,,,,,477,"10,147","11,954","8,304","6,491","7,614","8,930","11,484","12,094","12,827","11,003","7,953","9,727","11,116","15,293","19,199","164,613"
G-405,,,1,2,,1,1,,,7,7,5,5,4,5,3,3,3,3,3,2,3,1,1,,1,2,,63
G-405/A,,,,,,,,,,,,,,1,,,,1,,,,,,,,,,,2
G-405N,,,,,,1,,1,,2,4,4,5,6,3,2,3,3,3,1,2,3,2,1,,,2,,48
G-405N/A,,,,,,,,,,,,,,,,,,,,1,,,,,,,,,1
G-FIN,,,,,,,,,,1,6,,,,,2,1,2,2,1,,1,1,1,,2,1,1,22
G-FIN/A,,,,,,,,,,18,57,7,8,19,9,14,14,7,17,12,14,16,10,2,13,10,6,1,254
G-FINW,,,,,,,,,,1,1,1,,,2,,,2,2,1,,2,,2,1,,,,15
IADB,,,,,,,,,,9,4,,,,,,,,,,,,,,,,,,13
ID-NEWCIK,,,,,,,,,,,,1,,,,,,,,,,,,,,,,,1
IFC,,,,,,,,,,5,1,,,,,,,,,,,,,,,,,,6
IRANNOTICE,,,,,,,,,,,,,,,,,,,,,520,537,468,407,375,334,290,220,"3,151"
MA,,,,,,,,,,,,,,,,,,,,,,508,194,54,39,34,30,21,880
MA-A,,,,,,,,,,,,,,,,,,,,,,1,319,276,316,333,365,387,"1,997"
MA-I,,,,,,,,,,,,,,,,,,,,,,"3,957",990,906,619,468,624,293,"7,857"
MA-I/A,,,,,,,,,,,,,,,,,,,,,,97,"1,289","1,363","2,078","1,403","1,445","1,080","8,755"
MA-W,,,,,,,,,,,,,,,,,,,,,,3,40,51,116,47,46,28,331
MA/A,,,,,,,,,,,,,,,,,,,,,,26,250,271,281,244,256,211,"1,539"
MSD,,,,,,,,,,2,4,2,,3,5,1,2,2,8,3,3,3,1,2,,,,,41
MSD/A,,,,,,,,,,23,25,20,19,25,29,49,35,22,22,18,17,21,22,11,22,18,13,3,414
MSDCO,,,,,,,,,,,,,,,,,,,22,,,,,,,,,,22
MSDW,,,,,,,,,,4,1,4,3,6,4,20,13,4,6,,3,3,5,1,2,,2,,81
N-1,,,,,,1,,,,,,,,,,,,,,1,,,,,,,,,2
N-1/A,,,12,32,20,15,14,9,9,3,7,9,12,,,,,,,,,,,,,,,,142
N-14,,2,4,7,21,98,102,172,186,121,172,153,113,131,143,173,266,178,129,139,123,124,175,118,137,155,164,175,"3,481"
N-14 8C,,,,,,,13,14,6,8,1,6,13,4,7,13,13,7,21,18,14,20,12,14,13,18,16,23,274
N-14 8C/A,,,,,,,9,14,6,6,3,4,13,5,17,8,22,15,13,30,13,25,15,20,8,24,17,24,311
N-14/A,,2,16,15,20,60,60,132,139,89,111,120,111,164,146,101,161,72,59,58,72,68,53,93,103,80,105,87,"2,297"
N-14AE,,,,,18,56,40,131,63,150,101,67,84,136,37,6,,,,,,,,,,,,,889
N-14AE/A,,,,,1,6,15,12,23,38,28,11,16,23,7,2,,,,,,,,,,,,,182
N-14MEF,,,,,,,,,1,,,1,,,,,,1,,,,,,,,1,,1,5
N-18F1,,21,105,107,88,105,84,82,44,37,33,44,58,27,31,63,59,34,31,23,25,81,21,17,20,28,18,5,"1,291"
N-18F1/A,,,1,1,5,3,,4,3,1,1,,1,2,,2,4,1,1,,,,,,,,1,,31
N-1A,,12,31,31,69,174,163,149,106,97,81,86,60,88,64,46,40,49,56,62,69,45,43,39,43,36,29,24,"1,792"
N-1A EL,,35,54,144,119,,,,,,,,,,,,,,,,,,,,,,,,352
N-1A EL/A,,54,88,169,152,,,,,,,,,,,,,,,,,,,,,,,,463
N-1A/A,,8,38,79,99,241,246,230,113,107,105,92,94,130,117,84,63,80,88,110,110,126,93,87,77,41,52,50,"2,760"
N-2,,16,32,54,77,122,172,96,142,242,220,222,177,128,166,120,126,176,178,141,163,140,130,125,132,141,147,177,"3,762"
N-2/A,,32,56,85,99,144,219,116,228,352,366,321,326,179,266,142,138,243,257,301,335,238,243,187,197,217,215,168,"5,670"
N-23C-1,,15,28,41,32,86,114,150,139,132,119,62,2,,,,,,,,,,,,,,,,920
N-23C-1/A,,,,,,8,1,,,2,3,2,,,,,,,,,,,,,,,,,16
N-23C-2,,,,,2,7,4,6,6,17,18,5,4,17,12,423,323,132,112,54,72,52,30,63,43,113,41,82,"1,638"
N-23C-2/A,,,,,,,,2,,1,,,,,,16,25,2,1,,2,,1,1,,,,6,57
N-23C3A,,,,,,7,21,51,59,71,75,81,81,81,92,84,73,72,67,61,75,78,103,106,141,184,240,265,"2,168"
N-23C3A/A,,,,,,,2,,2,3,2,,,,1,2,1,2,,,1,1,1,,1,4,2,3,28
N-23C3B,,,,,12,22,30,35,39,42,34,28,25,24,24,11,9,8,9,9,8,8,6,4,4,4,4,4,403
N-23C3B/A,,,,,,,1,1,,,,,,,,,,,,,1,,,,,,,,3
N-23C3C,,,,,,11,18,5,7,1,,,,,1,,,,,,,1,1,,,,3,,48
N-23C3C/A,,,,,,,,4,2,5,5,3,3,8,4,4,5,1,,,,,,1,1,1,,,47
N-27D-1,,,,,,3,3,,1,2,4,4,4,4,,,,,,,,,,,,,,,25
N-2ASR,,,,,,,,,,,,,,,,,,,,,,,,,,,,1,1
N-2MEF,,,,,2,2,1,,10,16,30,27,19,15,26,1,8,7,11,13,14,6,5,4,8,3,8,10,246
N-3,,,1,,1,7,2,4,3,3,1,11,2,,4,,,,,,,,,,,,,,39
N-3 EL,,,1,3,1,,,,,,,,,,,,,,,,,,,,,,,,5
N-3 EL/A,,,1,4,1,,,,,,,,,,,,,,,,,,,,,,,,6
N-3/A,,,,3,,4,2,,,,,9,,,,,,,,,,,,,,,,,18
N-30B-2,,328,679,745,534,531,447,316,351,349,295,300,278,370,442,458,489,475,441,421,398,415,430,432,425,441,475,446,"11,711"
N-30D,,"1,240","4,599","7,522","7,966","8,401","8,614","8,679","9,089","8,793","4,073",608,396,495,510,495,458,430,434,418,403,438,437,347,343,343,294,277,"76,102"
N-30D/A,,21,52,96,87,113,138,127,137,187,107,20,3,2,1,,3,6,4,1,1,,5,3,,3,2,,"1,119"
N-4,,,6,6,30,107,149,144,151,168,100,115,56,96,169,104,73,75,124,88,140,105,35,46,26,22,58,55,"2,248"
N-4 EL,,1,30,62,52,,,,,,,,,,,,,,,,,,,,,,,,145
N-4 EL/A,,,24,61,53,,,,,,,,,,,,,,,,,,,,,,,,138
N-4/A,,1,12,26,25,98,127,157,113,125,122,62,67,77,101,156,77,77,135,82,89,42,43,61,21,14,54,50,"2,014"
N-5,,,,3,2,,,,,1,,,1,,,,1,,,,2,,,,,,,,10
N-5/A,,,,1,1,2,,1,,,,,,2,,,,,,,2,,,,,,,,9
N-54A,,,,6,12,8,3,11,4,6,12,46,21,15,9,7,4,10,13,15,14,12,14,10,8,5,7,15,287
N-54A/A,,,,,2,1,,1,,,1,2,1,,,,,,,,,,,,,,,1,9
N-54C,,,,3,4,7,13,6,9,3,9,6,18,21,12,13,9,10,8,1,,5,2,5,7,8,8,8,195
N-54C/A,,,,,1,1,,,,,,,,,,1,,,,,,1,,,,,,,4
N-6,,,,,,,,,,28,79,56,22,43,101,94,15,41,7,19,21,44,10,8,6,8,59,38,699
N-6/A,,,,,,,,,,11,50,45,34,38,33,112,30,5,6,15,10,12,12,5,14,9,51,22,514
N-6F,,,,,,2,4,1,,1,4,,2,5,10,3,3,13,23,8,13,16,14,5,2,3,6,5,143
N-6F/A,,,,,,1,2,,,,,1,1,1,1,,2,10,22,13,1,2,2,3,,,,1,63
N-8A,,51,115,249,266,285,276,223,169,261,207,207,145,156,159,105,112,135,143,130,143,92,102,97,90,87,94,123,"4,222"
N-8A/A,,7,17,19,32,25,62,14,25,14,16,11,22,30,25,13,11,33,7,69,55,23,8,6,10,15,28,4,601
N-8B-2,,,13,15,28,30,28,19,13,15,1,,,1,1,2,1,,,4,2,4,3,,,,1,1,182
N-8B-2/A,,5,22,6,8,12,6,15,11,12,11,5,,4,7,14,13,2,4,2,1,3,,2,2,4,,,171
N-8B-4,,,,,1,,,,,,,,,,,,,,,,,,,,,,2,,3
N-8F,,,,,,,,,,,,77,309,257,208,227,330,221,132,147,193,141,128,123,153,98,195,137,"3,076"
N-8F NTC,,,,,,,,,,,,,,,,,187,300,138,125,98,98,150,74,158,98,164,132,"1,722"
N-8F ORDR,,,,,,,,,,,,,,,,,192,300,144,127,166,164,153,79,154,96,128,170,"1,873"
N-8F/A,,,,,,,,,,,,36,205,131,133,69,167,95,49,73,66,37,24,52,67,71,68,69,"1,412"
N-CEN,,,,,,,,,,,,,,,,,,,,,,,,,,742,"3,378","3,330","7,450"
N-CEN/A,,,,,,,,,,,,,,,,,,,,,,,,,,53,697,306,"1,056"
N-CR,,,,,,,,,,,,,,,,,,,,,,,7,31,5,6,6,10,65
N-CR/A,,,,,,,,,,,,,,,,,,,,,,,,6,,,,7,13
N-CSR,,,,,,,,,,,"3,178","4,408","3,834","3,668","3,637","3,667","3,542","3,285","3,336","3,242","3,326","3,386","3,449","3,349","3,291","3,288","3,209","3,116","62,211"
N-CSR/A,,,,,,,,,,,215,309,342,238,245,248,81,174,129,147,144,79,116,105,119,130,99,83,"3,003"
N-CSRS,,,,,,,,,,,"1,083","2,912","3,004","3,067","3,106","3,116","3,093","3,137","3,126","3,172","3,209","3,304","3,342","3,294","3,288","3,247","3,206","3,085","54,791"
N-CSRS/A,,,,,,,,,,,114,92,62,64,70,79,54,46,54,54,44,28,27,33,29,46,25,43,964
N-MFP,,,,,,,,,,,,,,,,,,699,"8,551","8,033","7,586","7,321","7,032","2,192",,,,,"41,414"
N-MFP/A,,,,,,,,,,,,,,,,,,182,907,267,138,351,207,191,,,,,"2,243"
N-MFP1,,,,,,,,,,,,,,,,,,,,,,,,"3,040",,,,,"3,040"
N-MFP1/A,,,,,,,,,,,,,,,,,,,,,,,,528,25,,,,553
N-MFP2,,,,,,,,,,,,,,,,,,,,,,,,935,"5,505","5,126","4,967","4,873","21,406"
N-MFP2/A,,,,,,,,,,,,,,,,,,,,,,,,199,354,199,131,112,995
N-PX,,,,,,,,,,,1,"3,581","3,607","3,429","3,409","3,442","3,000","2,940","2,870","2,841","2,856","2,829","2,870","2,829","2,819","2,792","2,655","2,579","51,349"
N-PX/A,,,,,,,,,,,,190,376,112,103,130,100,199,95,70,92,50,67,60,50,32,80,49,"1,855"
N-Q,,,,,,,,,,,3,"2,526","6,786","6,489","6,513","6,522","6,295","6,159","6,159","6,202","6,312","6,452","6,468","6,401","6,248","6,184","2,890",393,"95,002"
N-Q/A,,,,,,,,,,,,47,135,84,103,124,75,77,62,48,46,46,44,39,39,29,16,5,"1,019"
N14AE24,,6,80,84,56,,,,,,,,,,,,,,,,,,,,,,,,226
N14AE24/A,,,25,21,11,,,,,,,,,,,,,,,,,,,,,,,,57
N14EL24,,9,59,46,37,,,,,,,,,,,,,,,,,,,,,,,,151
N14EL24/A,,18,32,23,16,,,,,,,,,,,,,,,,,,,,,,,,89
NO ACT,,,,1,1,,,1,19,797,679,761,600,525,551,743,676,556,453,475,525,483,417,315,273,,,,"8,851"
NPORT-EX,,,,,,,,,,,,,,,,,,,,,,,,,,,"7,210",,"7,210"
NPORT-EX/A,,,,,,,,,,,,,,,,,,,,,,,,,,,10,4,14
NPORT-P,,,,,,,,,,,,,,,,,,,,,,,,,,,"8,998","47,410","56,408"
NPORT-P/A,,,,,,,,,,,,,,,,,,,,,,,,,,,119,981,"1,100"
NRSRO-CE,,,,,,,,,,,,,,,,,,,,,,,2,10,10,10,10,9,51
NRSRO-CE/A,,,,,,,,,,,,,,,,,,,,,,,1,10,6,6,2,3,28
NRSRO-UPD,,,,,,,,,,,,,,,,,,,,,,,19,36,28,32,26,29,170
NSAR-A,,"1,832","2,802","3,220","3,276","3,232","3,239","3,344","3,369","3,301","3,296","3,288","3,212","3,085","3,126","3,061","3,011","2,911","2,886","2,837","2,815","2,834","2,830","2,827","2,771",989,,,"73,394"
NSAR-A/A,,113,187,193,169,123,166,233,124,125,100,76,176,105,144,130,116,399,154,146,377,152,149,140,133,71,,,"4,001"
NSAR-AT,,24,19,14,12,21,14,16,12,1,7,8,7,12,7,3,5,1,3,2,9,1,1,1,1,,,,201
NSAR-AT/A,,1,1,,2,2,,,1,,2,1,,,1,,1,1,,,2,,1,,,,,,16
NSAR-B,1,"1,773","2,619","3,148","3,170","3,226","3,303","3,299","3,459","3,350","3,314","3,272","3,184","2,971","3,207","3,075","3,020","2,899","2,818","2,807","2,820","2,816","2,790","2,809","2,762","1,612",1,,"73,525"
NSAR-B/A,,171,187,232,245,227,249,309,225,254,214,246,315,198,289,279,169,517,187,259,525,254,239,223,222,118,4,,"6,357"
NSAR-BT,,51,50,47,47,32,47,34,37,12,37,31,9,23,33,17,9,12,45,17,14,9,39,15,14,6,,,687
NSAR-BT/A,,3,6,,2,,4,8,6,,3,5,3,,8,1,,2,1,,,,2,,,,,,54
NSAR-U,,1,9,62,148,680,740,748,802,817,836,842,835,850,823,823,823,808,773,770,772,739,722,722,731,723,11,,"16,610"
NSAR-U/A,,,,2,30,24,11,24,48,6,21,16,17,20,4,14,12,5,7,13,9,6,17,22,14,10,,,352
NT 10-D,,,,,,,,,,,,,,6,,,,,,,,1,,,2,,,,9
NT 10-D/A,,,,,,,,,,,,,,,,,1,,,,,,,,,,,,1
NT 10-K,,51,187,749,"1,533","1,687","1,815","2,285","2,493","2,455","2,310","2,061","2,540","2,357","2,278","2,308","2,122","1,817","1,704","1,574","1,542","1,423","1,332","1,211","1,070",968,874,714,"43,460"
NT 10-K/A,,1,6,21,36,41,36,41,49,43,34,58,37,43,17,27,36,21,21,10,19,8,7,18,17,12,9,25,693
NT 10-Q,,68,373,"1,261","1,757","1,828","1,940","3,705","4,046","4,114","3,632","3,604","4,377","4,575","4,062","3,681","3,422","3,079","3,179","2,908","2,701","2,502","2,239","2,142","1,874","1,671","1,555","1,068","71,363"
NT 10-Q/A,,3,7,16,16,18,36,37,38,49,33,53,41,36,32,25,18,15,25,25,12,10,8,9,10,7,6,17,602
NT 11-K,,1,36,50,66,106,124,112,75,123,117,143,121,121,124,61,69,25,27,23,23,11,27,30,18,14,3,7,"1,657"
NT 11-K/A,,1,,1,,,2,2,,,1,1,1,,,,2,,,,,,4,,,,,,15
NT 15D2,,1,1,,,1,,,1,1,2,,,,1,,,,,,,,,,,,,,8
NT 15D2/A,,,,1,1,1,3,1,,,,,,,,,,,,,,,,,,,,,7
NT 20-F,,,,,5,6,10,18,27,85,120,118,110,117,101,80,82,58,60,81,62,64,64,60,62,77,83,72,"1,622"
NT 20-F/A,,,,,,,,,1,2,6,1,1,2,1,1,2,,1,1,,,1,2,2,2,,,26
NT N-CEN,,,,,,,,,,,,,,,,,,,,,,,,,,12,93,33,138
NT N-MFP,,,,,,,,,,,,,,,,,,29,28,70,20,41,30,17,,,,,235
NT N-MFP1,,,,,,,,,,,,,,,,,,,,,,,,35,,,,,35
NT N-MFP2,,,,,,,,,,,,,,,,,,,,,,,,10,10,54,28,14,116
NT NPORT-EX,,,,,,,,,,,,,,,,,,,,,,,,,,,27,58,85
NT NPORT-P,,,,,,,,,,,,,,,,,,,,,,,,,,,,90,90
NT-NCEN,,,,,,,,,,,,,,,,,,,,,,,,,,5,47,6,58
NT-NCEN/A,,,,,,,,,,,,,,,,,,,,,,,,,,,1,1,2
NT-NCSR,,,,,,,,,,,35,22,30,64,55,28,18,14,12,4,10,5,6,27,11,9,14,8,372
NT-NCSR/A,,,,,,,,,,,,1,3,2,,3,1,2,1,2,1,1,,,1,3,2,3,26
NT-NSAR,1,4,28,100,216,253,333,391,342,144,122,113,159,101,42,61,38,23,16,17,20,11,18,17,17,5,,,"2,592"
NT-NSAR/A,,3,,15,10,5,,14,3,8,9,3,6,11,4,1,5,2,2,7,,1,1,2,2,1,,,115
NTFNCEN,,,,,,,,,,,,,,,,,,,,,,,,,,,12,4,16
NTFNCSR,,,,,,,,,,,,30,4,3,3,1,3,2,1,6,,2,3,1,1,3,,3,66
NTFNSAR,,2,4,3,14,20,70,3,21,9,4,2,2,1,7,1,3,2,2,3,2,1,1,,1,,,,178
NTN 10D,,,,,,,,,,,,,,1,,,3,,,,,,1,,,,,,5
NTN 10K,,2,5,24,58,83,66,92,109,102,111,110,81,80,71,78,122,45,37,46,39,44,57,44,,,,,"1,506"
NTN 10Q,,8,9,49,55,135,99,112,259,172,157,124,120,138,130,125,76,58,88,103,67,51,62,41,,,,,"2,238"
NTN 11K,,18,,,,,,,,,,,,,,,,,,,,,,,,,,,18
NTN 20F,,,,2,,,,,3,3,3,3,4,4,4,1,3,6,,,,,,,,,,,36
NTN15D2,,,,,,,,,,1,,,,,,,,,,,,,,,,,,,1
OIP NTC,,,,,,,,,,,,,,,,,4,90,20,15,18,4,2,2,5,2,2,2,166
OIP ORDR,,,,,,,,,,,,,,,,,7,67,42,13,18,4,2,2,1,2,3,1,162
POS 8C,,,,9,39,25,16,33,29,25,36,58,48,75,67,82,109,108,81,117,191,144,170,197,180,164,128,68,"2,199"
POS AM,,163,425,947,"1,493","1,598","1,617","1,283","1,447","1,382","1,734","2,536","2,254","2,321","2,270","2,338","2,053","2,277","2,030","1,706","1,346","1,116","1,897","1,352","1,136",948,852,963,"41,484"
POS AMC,,144,175,119,110,58,82,121,97,93,87,40,53,1,,,,,,,,,,,,,,,"1,180"
POS AMI,1,44,202,320,293,307,233,263,277,274,292,247,232,225,207,244,234,211,216,212,223,227,236,289,212,190,185,200,"6,296"
POS EX,,,,,9,42,74,75,69,73,79,66,94,166,112,160,121,132,395,490,272,426,266,406,405,419,336,358,"5,045"
POS462B,,,,9,33,29,15,18,15,19,5,4,14,4,5,3,5,4,7,5,2,1,3,7,2,7,7,3,226
POS462C,,,,2,8,8,7,10,8,6,5,1,7,2,3,4,,,,,,1,3,,,,,,75
POSASR,,,,,,,,,,,,,2,503,779,734,878,"1,489",694,"2,725","1,500","1,983","2,455","2,736","4,206","1,241",998,900,"23,823"
PRE 14A,,560,774,"1,636","2,017","2,109","1,934","1,931","1,549","1,871","1,775","1,843","2,003","2,043","1,930","1,821","2,046","1,552","1,212","1,100","1,277","1,249","1,161","1,161","1,116","1,078",932,"1,225","40,905"
PRE 14C,,4,21,82,133,128,152,254,322,410,466,646,598,613,578,536,498,492,408,346,386,404,417,328,352,289,307,254,"9,424"
PRE13E3,,2,25,34,46,64,43,9,,,,,,,,,,,,,,,,,,,,,223
PRE13E3/A,,11,42,46,77,67,103,19,,,,,,,,,,,,,,,,,,,,,365
PREA14A,,10,,1,,,1,1,,,,,,,,,,,,,,,,,,,,,13
PREA14C,,,,,,,1,,,,,,,,,,,,,,,,,,,,,,1
PREC14A,,49,61,105,159,169,201,233,188,156,219,105,133,139,181,206,225,145,133,149,157,152,169,195,122,146,163,155,"4,215"
PREC14C,,4,,,6,2,1,6,6,5,8,1,3,1,,6,11,3,3,4,3,4,1,2,,,,,80
PREM14A,,14,37,119,144,161,206,330,298,224,238,225,236,314,343,178,125,183,167,129,128,119,128,146,137,147,140,103,"4,719"
PREM14C,,1,6,14,16,23,44,47,43,48,41,37,32,34,46,35,17,19,25,27,9,17,13,16,15,11,12,8,656
PREN14A,,2,14,60,51,32,36,28,24,32,25,14,33,66,37,52,55,20,20,18,20,28,10,4,12,12,12,6,723
PRER14A,,75,212,375,546,672,566,531,637,577,634,547,559,603,558,569,616,371,307,246,370,263,239,285,210,171,174,234,"11,147"
PRER14C,,1,9,28,50,47,35,33,70,115,113,137,188,194,146,178,163,147,144,94,103,117,93,58,69,65,34,40,"2,471"
PRES14A,,64,218,533,775,696,602,795,714,161,,,,,,,,,,,,,,,,,,,"4,558"
PRES14C,,,2,16,29,12,12,19,26,5,,,,,,,,,,,,,,,,,,,121
PRRN14A,,14,60,141,231,214,215,196,182,158,227,130,161,168,161,134,282,152,133,124,147,152,168,172,86,110,118,70,"4,106"
PX14A6G,,1,2,,18,13,13,8,20,30,41,105,55,62,113,48,68,58,98,142,182,188,342,228,314,338,372,438,"3,297"
PX14A6N,,,,,,,,,6,,,2,6,,10,,,,8,2,,,16,4,12,2,10,,78
QRTLYRPT,,,,,,,,,,,10,4,3,5,4,3,3,3,3,3,3,7,12,8,19,16,17,20,143
QRTLYRPT/A,,,,,,,,,,,,,,1,,,,,,,,,,,,1,1,,3
QUALIF,,,,,,,,,,,,,,,,,,,,,,,15,125,169,260,225,310,"1,104"
REG-NR,,,,,,,,,,1,8,6,7,3,4,3,1,5,6,,5,,2,1,1,10,3,,66
REG-NR/A,,,,,,,,,,,,,,,1,,,,,,,,,,,,,,1
REGDEX,1,,2,5,2,5,14,23,45,"14,000","14,149","16,194","18,270","19,433","20,923","19,566","4,125",,,,,,,,,,,,"126,757"
REGDEX/A,,,,1,,2,1,3,7,"3,495","3,686","4,553","5,417","6,451","7,614","7,002","3,715",,,,,,,,,,,,"41,947"
REVOKED,,,,,,,,,,,1,51,124,160,185,472,495,590,596,438,472,483,470,350,155,99,486,169,"5,796"
RW,,33,61,214,386,418,403,887,899,698,655,621,701,794,646,650,643,610,581,444,364,356,370,412,705,331,294,241,"13,417"
RW WD,,,,,,,,,,18,44,26,29,31,26,41,23,38,28,18,13,14,6,14,12,14,8,10,413
S-1,,41,87,916,"1,093",922,"1,002","1,055",433,482,411,"1,046",649,"1,026",976,"1,352","1,198","1,359","1,472","1,115","1,119","1,297",860,715,792,802,701,"1,173","24,094"
S-1/A,,96,191,"2,457","2,860","2,395","3,261","2,944",958,"1,193",944,"2,814","1,892","2,239","2,287","2,659","2,267","3,438","3,909","3,037","2,763","3,035","2,133","1,742","1,666","1,580","1,217","1,747","57,724"
S-11,,7,,45,75,69,23,15,29,58,78,92,69,31,29,33,56,70,52,49,70,56,37,25,34,13,21,24,"1,160"
S-11/A,,9,4,102,237,196,77,29,62,131,185,309,233,118,75,88,199,303,201,191,229,147,125,93,95,38,31,49,"3,556"
S-11MEF,,,,4,11,2,,,2,2,7,4,11,5,,2,1,1,4,4,7,9,1,1,1,3,1,,83
S-1MEF,,,,100,117,63,88,65,26,35,24,54,46,68,63,17,23,44,37,41,98,110,91,48,83,111,80,246,"1,778"
S-2,,32,62,119,163,117,74,81,91,72,84,99,75,,,,,,,,,,,,,,,,"1,069"
S-2/A,,154,116,174,282,173,76,96,115,120,137,142,130,,,,,,,,,,,,,,,,"1,715"
S-20,,,,1,1,1,,1,,1,,,,,,,,,,1,,,,,,,,,6
S-20/A,,,,,2,,,,,,,,,1,,,,,,1,1,,,,,,,,5
S-2MEF,,,,11,14,8,,5,15,9,9,4,5,,,,,,,,,,,,,,,,80
S-3,1,725,"1,097","2,349","3,099","3,528","2,948","3,263","3,492","3,524","3,487","3,275","2,797","1,463","1,530","1,039","2,684","1,269","1,243","1,105","1,287","1,222","1,254","1,079","1,179",838,816,"1,037","52,630"
S-3/A,,"1,035","1,104","2,330","3,018","2,971","2,940","2,551","3,020","4,611","3,386","3,645","2,502","1,421","1,395",575,"2,483","1,026","1,542",693,"1,492",977,712,514,674,386,297,420,"47,720"
S-3ASR,,,,,,,,,,,,,522,"2,175","1,554","1,166","1,934","1,994","1,122","3,213","2,039","2,850","3,787","2,338","2,325","2,305","2,126","2,242","33,692"
S-3D,,41,57,67,93,55,54,40,28,42,38,38,37,22,25,38,39,19,24,30,28,23,24,26,18,11,16,14,947
S-3D/A,,5,,,,,,,,,,,,,,,,,,,,,,,,,,,5
S-3DPOS,,36,34,31,53,41,34,17,15,16,20,18,22,20,13,19,31,18,13,33,21,20,21,22,23,21,23,16,651
S-3MEF,,,11,249,212,156,115,82,244,110,102,70,83,37,69,19,59,42,54,25,43,29,20,17,18,21,16,56,"1,959"
S-4,,269,383,"1,017","2,348","3,132","3,371","1,288","4,294","3,315","5,027","5,247","4,516","3,464","3,980","1,760","1,997","5,316","6,930","4,137","6,745","4,964","4,405","2,943","3,017","1,629","1,380","1,211","88,085"
S-4 POS,,30,23,26,31,32,26,14,16,11,15,5,17,3,9,6,2,2,2,2,,4,50,3,1,5,4,7,346
S-4/A,,271,569,"1,371","3,409","5,586","5,290","2,369","4,764","5,214","7,071","7,185","6,128","4,292","4,161","2,748","2,073","7,889","8,248","6,246","7,535","3,001","2,969","1,484","1,570",619,693,950,"103,705"
S-4EF,,2,,4,17,15,4,9,9,4,3,,1,1,4,,,,,,1,,,,,,,1,75
S-4EF/A,,,,2,10,5,,5,1,2,1,,1,,2,,,,,,,,,,,,,,29
S-4MEF,,,,,11,25,13,12,14,6,6,7,4,5,5,5,3,,2,2,2,6,4,15,5,5,6,5,168
S-6,,79,81,69,132,570,634,679,611,537,498,468,525,581,703,789,938,"1,131","1,190","1,287","1,207","1,340","1,358","1,273","1,221","1,113","1,010","1,019","21,043"
S-6/A,,3,13,9,49,237,288,228,177,153,103,60,75,85,149,221,313,377,373,716,664,748,755,800,776,441,229,213,"8,255"
S-6EL24,,312,333,391,358,,,,,,,,,,,,,,,,,,,,,,,,"1,394"
S-6EL24/A,,36,89,120,116,,,,,,,,,,,,,,,,,,,,,,,,361
S-8,,990,"1,785","4,099","5,196","5,224","5,127","5,786","5,292","4,536","4,028","4,076","3,499","3,135","2,965","2,518","2,389","2,249","2,169","1,985","2,100","2,184","2,144","1,994","2,045","2,041","2,006","2,253","83,815"
S-8 POS,,131,307,524,730,761,737,771,873,830,882,798,945,"1,078","1,361","1,444","1,516","2,055","1,846","1,728","1,594","1,665","2,086","2,361","2,071","1,771","1,747","1,866","34,478"
S-8/A,,17,,,,,,,,,,,,,,,,,,,,,,,,,,,17
S-B,,,,,,,,,,35,30,20,16,24,13,19,24,21,13,25,15,12,19,16,19,17,7,23,368
S-B/A,,,,,,,,,,12,16,14,14,15,8,5,15,16,10,11,5,7,14,9,16,11,7,16,221
S-BMEF,,,,,,,,,,,,1,1,1,4,1,,,1,,1,,2,1,,,,,13
SB-1,,,,2,9,8,17,29,12,15,10,3,4,27,14,,,,,,,,,,,,,,150
SB-1/A,,,,7,17,8,31,53,44,30,41,26,18,51,28,,,,,,,,,,,,,,354
SB-1MEF,,,,,,,,,1,,,,,,,,,,,,,,,,,,,,1
SB-2,,,18,272,398,377,393,738,653,602,434,799,883,"1,032","1,055",123,,,,,,,,,,,,,"7,777"
SB-2/A,,,45,617,935,801,781,"1,151","1,644","1,434","1,192","1,590","2,027","2,211","1,925",187,,,,,,,,,,,,,"16,540"
SB-2MEF,,,1,11,9,13,6,2,4,13,9,10,12,5,9,,,,,,,,,,,,,,104
SC 13D,,613,"1,373","4,523","7,527","6,695","6,305","6,242","5,505","5,215","5,403","4,910","5,118","5,538","5,499","4,920","3,778","3,878","3,691","2,951","2,895","3,033","3,011","2,795","2,656","2,566","2,220","2,288","111,148"
SC 13D/A,2,"1,687","3,997","7,721","10,790","10,923","10,237","10,160","9,765","9,886","10,026","10,249","9,837","10,441","11,310","10,739","9,871","9,043","8,320","7,710","8,486","7,983","8,367","8,521","8,273","8,366","7,596","8,254","238,560"
SC 13E1,,,,5,,2,2,2,2,1,2,1,,,,,,,1,1,,,2,,,,,,21
SC 13E1/A,,,,5,,2,2,,1,,,,2,,,,,1,,,,,,1,,,,,14
SC 13E3,,19,36,91,123,135,244,187,224,137,232,140,161,145,125,82,105,102,94,54,81,43,33,78,39,44,29,56,"2,839"
SC 13E3/A,,53,136,292,289,430,609,424,419,375,517,503,634,496,495,344,381,411,386,212,312,258,103,287,155,160,122,165,"8,968"
SC 13E4,,38,97,127,197,132,152,8,1,,,,,,,,,,,,,,,,,,,,752
SC 13E4/A,,56,196,244,349,225,232,53,2,,,,,,,,,,,,,,,,,,,,"1,357"
SC 13G,,"3,145","4,691","6,591","17,494","22,365","18,645","19,321","18,256","13,333","13,330","15,157","18,005","20,018","21,207","22,123","16,883","15,011","13,153","12,823","13,321","14,023","14,854","12,518","11,602","11,409","11,799","12,838","393,915"
SC 13G/A,,"5,400","9,232","13,765","20,819","24,884","25,422","24,682","23,959","25,883","25,046","24,359","24,857","28,436","32,170","33,726","33,635","29,040","28,587","29,077","30,304","31,073","32,750","34,190","32,690","31,533","31,165","31,221","717,905"
SC 14D1,,68,235,297,467,493,807,16,,,,,,,,,,,,,,,,,,,,,"2,383"
SC 14D1/A,,456,"1,281","1,382","1,838","2,483","2,493",366,18,1,,,,,,,,,,,,,,,,,,,"10,318"
SC 14D9,,28,128,225,228,261,381,361,255,232,191,164,149,152,277,147,121,127,134,99,90,96,113,102,86,77,46,67,"4,337"
SC 14D9/A,,151,288,319,427,457,491,390,451,329,338,277,239,408,498,365,439,566,497,422,295,367,342,353,296,248,147,203,"9,603"
SC 14F1,,3,16,32,46,60,81,91,75,119,116,132,171,155,203,157,110,166,130,78,73,79,45,52,45,48,26,31,"2,340"
SC 14F1/A,,1,,2,3,5,9,12,3,25,18,21,37,18,22,12,6,10,7,4,,1,2,7,4,4,1,6,240
SC 14N,,,,,,,,,,,,,,,,,,,,,,,,4,7,2,3,4,20
SC 14N/A,,,,,,,,,,,,,,,,,,,,,,,,2,9,,2,2,15
SC TO-C,,,,,,,,536,480,391,388,311,337,575,605,534,627,514,428,354,334,281,309,398,288,208,221,220,"8,339"
SC TO-I,,,,,,,,163,375,333,348,291,362,434,507,469,567,492,467,541,511,521,523,526,504,488,465,399,"9,286"
SC TO-I/A,,,,,,,,297,880,801,884,659,644,760,903,736,"1,111",838,637,761,740,684,735,706,722,648,659,591,"15,396"
SC TO-T,,,,,,,,591,473,387,290,210,217,217,364,234,194,232,210,168,222,188,198,174,154,134,88,116,"5,061"
SC TO-T/A,,,,,,,,"2,023","1,889","1,796","1,475","1,213","1,147","1,236","1,768","1,067","1,254","1,436","1,253",985,940,866,890,834,682,550,356,470,"24,130"
SC13E4F,,,,,,,,,,1,3,2,3,,1,1,2,1,,1,,,,,,1,1,,17
SC13E4F/A,,,,,,,,,,6,4,4,4,,2,1,1,,,,,,,,,2,2,,26
SC14D1F,,,,,,,,,,4,3,4,4,22,16,2,5,2,4,4,4,4,,,,4,2,2,86
SC14D1F/A,,,,,,,,,,14,12,8,6,74,40,22,1,15,28,4,28,16,,,,8,12,2,290
SC14D9C,,,,,,,,133,120,93,132,52,69,148,210,195,96,144,154,123,124,88,116,144,95,64,55,65,"2,420"
SC14D9F,,,,,,,,,,4,2,3,2,8,7,1,1,1,1,1,2,4,,,1,2,1,,41
SC14D9F/A,,,,,,,,,,1,2,2,3,15,5,2,,3,4,1,1,1,,,,,,,40
SD,,,,,,,,,,,,,,,,,,,,,,"1,334","1,284","1,230","1,166","1,124","1,089","1,058","8,285"
SD/A,,,,,,,,,,,,,,,,,,,,,,9,2,3,4,4,2,2,26
SDR,,,,,,,,,,,,,,,,,,,,,,,,2,,,,,2
SDR/A,,,,,,,,,,,,,,,,,,,,,,,,,2,2,,,4
SE,,,,,,,,,5,588,843,909,748,56,56,33,35,50,39,34,28,33,25,16,17,14,16,6,"3,551"
SEC ACTION,,,,,,,,,,,,,,,,,,,,,,,,,,,4,1,5
SEC STAFF ACTION,,,,,,,,,,,,,,,,,,,,,,,,,,36,123,82,241
SEC STAFF LETTER,,,,,,,,,,,,,,,,,,,1,,,,,,,1,267,432,701
SF-1,,,,,,,,,,,,,,,,,,,,,,,,1,,2,2,2,7
SF-1/A,,,,,,,,,,,,,,,,,,,,,,,,7,,8,4,,19
SF-3,,,,,,,,,,,,,,,,,,,,,,,70,22,6,49,34,12,193
SF-3/A,,,,,,,,,,,,,,,,,,,,,,,102,99,17,32,24,10,284
SL,,,,,,,,,,5,,1,,,,,,,,2,1,,,,,,,,9
SP 15D2,,,,2,9,2,5,2,2,,7,4,1,2,4,2,2,,1,4,2,3,1,,2,,,,57
SP 15D2/A,,,,,,,,,,,,,1,,,,,,,1,,,,,,,,,2
STOP ORDER,,,,,,,,,,,,,,,,,,,,1,1,27,11,3,15,,1,,59
SUPPL,,,,,,,1,,14,"7,023","7,362","7,103","7,548","8,302","7,907","5,408","2,381","1,423",153,231,168,169,133,103,65,74,92,195,"55,855"
T-3,,13,11,19,21,27,22,16,80,85,141,46,27,17,106,185,124,173,42,122,142,44,197,558,164,159,213,52,"2,806"
T-3/A,,10,9,6,15,31,12,26,54,147,69,64,42,13,92,244,227,261,48,170,196,37,600,267,356,237,742,83,"4,058"
T-6,,,,,,,,,,,,,,,,,,,,,,,,,,,,1,1
TA-1,,,,,,,,,,45,26,46,42,31,26,26,23,14,12,9,9,3,6,10,8,6,31,31,404
TA-1/A,,,,,,,,,,225,247,224,289,282,497,202,274,219,183,153,171,203,214,175,179,158,160,167,"4,222"
TA-2,,,,,,,,,4,866,770,703,617,585,502,471,477,427,402,362,340,316,300,283,286,266,273,258,"8,508"
TA-2/A,,,,,,,,,4,46,34,31,33,24,49,58,67,56,34,48,25,44,40,36,41,27,22,29,748
TA-W,,,,,,,,,,47,41,36,42,36,48,32,38,22,20,13,16,16,14,13,21,13,15,14,497
TACO,,,,,,,,,,4,,1,,1,43,,1,,37,1,1,1,,,,36,,,126
TH,,,,,,,,,,,,,7,7,1,3,,,2,2,,,,1,2,,,,25
TTW,,,,,,,,,1,6,1,1,2,,,2,,,4,3,6,2,,,,,,,28
TTW/A,,,,,,,,,,1,,,,,,,,,,,6,1,,,,,,,8
U-1,,77,102,91,70,82,79,104,81,65,77,75,52,,,,,,,,,,,,,,,,955
U-1/A,,226,250,201,188,202,192,268,202,152,138,145,141,3,,,,,,,,,,,,,,,"2,308"
U-12-IA,,,,,,,8,13,4,2,3,7,5,,,,,,,,,,,,,,,,42
U-12-IA/A,,,,,,,,,,1,,,,,,,,,,,,,,,,,,,1
U-12-IB,,30,35,17,21,275,365,298,287,261,302,310,226,110,,,,,,,,,,,,,,,"2,537"
U-12-IB/A,,,,,,,,,,,,,4,,,,,,,,,,,,,,,,4
U-13-60,,20,26,26,28,30,29,28,31,35,35,40,38,,,,,,,,,,,,,,,,366
U-13-60/A,,,3,,2,1,1,2,1,5,1,,1,,,,,,,,,,,,,,,,17
U-13E-1,,,,,,,,,2,,,,1,,,,,,,,,,,,,,,,3
U-33-S,,,,3,4,4,5,6,5,7,5,6,3,,,,,,,,,,,,,,,,48
U-33-S/A,,,,,,,,,1,,,,,,,,,,,,,,,,,,,,1
U-3A-2,,52,73,76,90,104,103,97,87,82,86,80,81,,,,,,,,,,,,,,,,"1,011"
U-3A-2/A,,22,7,6,12,11,11,6,10,23,23,15,15,,,,,,,,,,,,,,,,161
U-3A3-1,,1,1,1,2,3,3,2,2,2,2,1,1,,,,,,,,,,,,,,,,21
U-57,,2,12,42,92,77,92,96,74,61,23,28,9,9,,,,,,,,,,,,,,,617
U-57/A,,,,3,16,14,42,9,50,54,23,19,10,,,,,,,,,,,,,,,,240
U-6B-2,,39,49,50,52,115,91,91,128,164,177,170,157,8,,,,,,,,,,,,,,,"1,291"
U-6B-2/A,,,,,1,2,1,,,1,3,1,,,,,,,,,,,,,,,,,9
U-7D,,,2,6,,3,9,,2,7,3,3,2,1,,,,,,,,,,,,,,,38
U-7D/A,,,,4,4,26,18,6,4,2,1,,1,,,,,,,,,,,,,,,,66
U-9C-3,,,,,22,55,63,62,75,80,82,94,103,,,,,,,,,,,,,,,,636
U-9C-3/A,,,,,,4,2,1,4,1,1,,3,,,,,,,,,,,,,,,,16
U5A,,,,,1,3,1,14,6,7,1,4,2,1,,,,,,,,,,,,,,,40
U5A/A,,,,,,,,1,,,,2,1,,,,,,,,,,,,,,,,4
U5B,,,1,,1,3,,6,10,5,,3,3,,,,,,,,,,,,,,,,32
U5B/A,,,1,,,1,,,3,2,2,1,,,,,,,,,,,,,,,,,10
U5S,,10,15,16,16,17,20,23,20,26,27,29,29,,,,,,,,,,,,,,,,248
U5S/A,,3,2,3,3,7,4,5,1,12,9,10,9,,,,,,,,,,,,,,,,68
UNDER,,,,,,,,7,7,7,4,2,5,1,3,2,,,3,,,,,,,,,,41
UNDER/A,,,,,,,,,1,,,,,,,,,,,,,,,,,,,,1
UPLOAD,,,,,,,,,,,,641,"8,844","13,289","12,302","13,096","15,325","17,108","17,938","15,441","16,930","12,119","13,604","10,447","9,826","7,691","6,507","5,985","197,093"
WDL-REQ,,,,,,,,,,5,8,2,1,4,2,6,8,3,4,1,4,6,1,,,,,,55
X-17A-5,,,,,,2,,,7,"5,538","5,410","5,281","5,083","5,170","5,124","4,966","4,793","4,718","4,542","4,464","4,308","4,107","4,089","3,915","3,845","3,683","3,539","2,887","85,471"
X-17A-5/A,,,,,1,2,,,2,337,284,477,434,441,408,356,441,611,279,152,135,92,318,217,192,183,146,68,"5,576"
TOTAL,35,"65,461","113,651","202,614","280,130","313,300","321,262","341,962","351,443","448,884","790,772","1,024,212","1,072,293","1,096,629","1,137,504","1,036,835","938,510","979,764","979,653","975,111","990,606","996,892","995,491","953,061","971,352","949,930","951,478","1,040,830","20,319,665"
